productId,productName,productPrice,productImageURL,productImage,productDesc,categoryId,1,Arnold,Anderson,a.anderson@gmail.com,204-111-2222,103 AnyWhere Street,Winnipeg,MB,R3X 45T,Canada,arnold,test,0
2,Bobby,Brown,bobby.brown@hotmail.ca,572-342-8911,222 Bush Avenue,Boston,MA,22222,United States,bobby,bobby,0
3,Candace,Cole,cole@charity.org,333-444-5555,333 Central Crescent,Chicago,IL,33333,United States,candace,password,0
4,Darren,Doe,oe@doe.com,250-807-2222,444 Dover Lane,Kelowna,BC,V1V 2X9,Canada,darren,pw,0
5,Elizabeth,Elliott,engel@uiowa.edu,555-666-7777,555 Everwood Street,Iowa City,IA,52241,United States,beth,test,0
6,Barret,Jackson,barret.jackson@gmail.com,5875869357,1574 Crest Ridge Lane,Kelowna,BC,V1Z 4E1,Canada,badmin,slowlorisattack,1
7,Karim,Ghossein,karim.ghossein@hotmail.com,7802717761,7780 190th Street,Edmoton,Alberta,T5T 5H8,Canada,ghosseik,Thenutman@123456,1
8,Jake,Egarhos,jake.egarhos@gmail.com,3065013234,1079 Westpoint Drive,Kelowna,BC,V1W4Z9,Canada,jailbreakjake,poop,1
9,Sonny,Crockett,jamesc@miamipd.us.gov,555-456-7890,27 Beach Road,Miami,FL,15976,USA,loafersnosocks,vice,0
